repo_20,120,0.0,roc_auc,
train accuracy,0.9962311557788944,
train precision,0.9949874686716792,
train recall,0.9974874371859297,
train f1_score,0.9962358845671268,
train auroc,0.9962311557788945,
test accuracy,0.875,
test precision,0.9090909090909091,
test recall,0.9,
test f1_score,0.9045226130653266,
test auroc,0.8634615384615383,

